text,label
"Someone took my card, urgent block request.",card_lost_stolen
"Someone took my card, urgent block request.",card_lost_stolen
"I lost my debit card yesterday, please block it.",card_lost_stolen
"Someone took my card, urgent block request.",card_lost_stolen
"Someone took my card, urgent block request.",card_lost_stolen
"Someone took my card, urgent block request.",card_lost_stolen
"I lost my debit card yesterday, please block it.",card_lost_stolen
My credit card was stolen and I need a replacement.,card_lost_stolen
My credit card was stolen and I need a replacement.,card_lost_stolen
My credit card was stolen and I need a replacement.,card_lost_stolen
"I lost my debit card yesterday, please block it.",card_lost_stolen
My credit card was stolen and I need a replacement.,card_lost_stolen
"I lost my debit card yesterday, please block it.",card_lost_stolen
"I lost my debit card yesterday, please block it.",card_lost_stolen
"Someone took my card, urgent block request.",card_lost_stolen
My credit card was stolen and I need a replacement.,card_lost_stolen
My credit card was stolen and I need a replacement.,card_lost_stolen
"Someone took my card, urgent block request.",card_lost_stolen
"Someone took my card, urgent block request.",card_lost_stolen
"I lost my debit card yesterday, please block it.",card_lost_stolen
"I lost my debit card yesterday, please block it.",card_lost_stolen
"Someone took my card, urgent block request.",card_lost_stolen
"I lost my debit card yesterday, please block it.",card_lost_stolen
My credit card was stolen and I need a replacement.,card_lost_stolen
My credit card was stolen and I need a replacement.,card_lost_stolen
My credit card was stolen and I need a replacement.,card_lost_stolen
My credit card was stolen and I need a replacement.,card_lost_stolen
My credit card was stolen and I need a replacement.,card_lost_stolen
"Someone took my card, urgent block request.",card_lost_stolen
"Someone took my card, urgent block request.",card_lost_stolen
My credit card was stolen and I need a replacement.,card_lost_stolen
My credit card was stolen and I need a replacement.,card_lost_stolen
My credit card was stolen and I need a replacement.,card_lost_stolen
My credit card was stolen and I need a replacement.,card_lost_stolen
My credit card was stolen and I need a replacement.,card_lost_stolen
"Someone took my card, urgent block request.",card_lost_stolen
My credit card was stolen and I need a replacement.,card_lost_stolen
My credit card was stolen and I need a replacement.,card_lost_stolen
My credit card was stolen and I need a replacement.,card_lost_stolen
"Someone took my card, urgent block request.",card_lost_stolen
"Someone took my card, urgent block request.",card_lost_stolen
My credit card was stolen and I need a replacement.,card_lost_stolen
"I lost my debit card yesterday, please block it.",card_lost_stolen
"Someone took my card, urgent block request.",card_lost_stolen
My credit card was stolen and I need a replacement.,card_lost_stolen
"I lost my debit card yesterday, please block it.",card_lost_stolen
"I lost my debit card yesterday, please block it.",card_lost_stolen
"I lost my debit card yesterday, please block it.",card_lost_stolen
"I lost my debit card yesterday, please block it.",card_lost_stolen
"I lost my debit card yesterday, please block it.",card_lost_stolen
"Someone took my card, urgent block request.",card_lost_stolen
"Someone took my card, urgent block request.",card_lost_stolen
"Someone took my card, urgent block request.",card_lost_stolen
"I lost my debit card yesterday, please block it.",card_lost_stolen
"I lost my debit card yesterday, please block it.",card_lost_stolen
"Someone took my card, urgent block request.",card_lost_stolen
"I lost my debit card yesterday, please block it.",card_lost_stolen
"I lost my debit card yesterday, please block it.",card_lost_stolen
"I lost my debit card yesterday, please block it.",card_lost_stolen
"Someone took my card, urgent block request.",card_lost_stolen
"I lost my debit card yesterday, please block it.",card_lost_stolen
My credit card was stolen and I need a replacement.,card_lost_stolen
"Someone took my card, urgent block request.",card_lost_stolen
"Someone took my card, urgent block request.",card_lost_stolen
"Someone took my card, urgent block request.",card_lost_stolen
"Someone took my card, urgent block request.",card_lost_stolen
"I lost my debit card yesterday, please block it.",card_lost_stolen
"Someone took my card, urgent block request.",card_lost_stolen
My credit card was stolen and I need a replacement.,card_lost_stolen
"Someone took my card, urgent block request.",card_lost_stolen
"Someone took my card, urgent block request.",card_lost_stolen
My credit card was stolen and I need a replacement.,card_lost_stolen
"I lost my debit card yesterday, please block it.",card_lost_stolen
"Someone took my card, urgent block request.",card_lost_stolen
"I lost my debit card yesterday, please block it.",card_lost_stolen
My credit card was stolen and I need a replacement.,card_lost_stolen
"Someone took my card, urgent block request.",card_lost_stolen
"I lost my debit card yesterday, please block it.",card_lost_stolen
"Someone took my card, urgent block request.",card_lost_stolen
"I lost my debit card yesterday, please block it.",card_lost_stolen
"Someone took my card, urgent block request.",card_lost_stolen
My credit card was stolen and I need a replacement.,card_lost_stolen
My credit card was stolen and I need a replacement.,card_lost_stolen
My credit card was stolen and I need a replacement.,card_lost_stolen
"I lost my debit card yesterday, please block it.",card_lost_stolen
My credit card was stolen and I need a replacement.,card_lost_stolen
"Someone took my card, urgent block request.",card_lost_stolen
"Someone took my card, urgent block request.",card_lost_stolen
"Someone took my card, urgent block request.",card_lost_stolen
"I lost my debit card yesterday, please block it.",card_lost_stolen
"I lost my debit card yesterday, please block it.",card_lost_stolen
My credit card was stolen and I need a replacement.,card_lost_stolen
"I lost my debit card yesterday, please block it.",card_lost_stolen
"Someone took my card, urgent block request.",card_lost_stolen
My credit card was stolen and I need a replacement.,card_lost_stolen
"I lost my debit card yesterday, please block it.",card_lost_stolen
"I lost my debit card yesterday, please block it.",card_lost_stolen
"Someone took my card, urgent block request.",card_lost_stolen
"Someone took my card, urgent block request.",card_lost_stolen
My credit card was stolen and I need a replacement.,card_lost_stolen
"I lost my debit card yesterday, please block it.",card_lost_stolen
"I lost my debit card yesterday, please block it.",card_lost_stolen
My credit card was stolen and I need a replacement.,card_lost_stolen
My credit card was stolen and I need a replacement.,card_lost_stolen
"I lost my debit card yesterday, please block it.",card_lost_stolen
"I lost my debit card yesterday, please block it.",card_lost_stolen
"Someone took my card, urgent block request.",card_lost_stolen
My credit card was stolen and I need a replacement.,card_lost_stolen
My credit card was stolen and I need a replacement.,card_lost_stolen
"I lost my debit card yesterday, please block it.",card_lost_stolen
"I lost my debit card yesterday, please block it.",card_lost_stolen
My credit card was stolen and I need a replacement.,card_lost_stolen
"I lost my debit card yesterday, please block it.",card_lost_stolen
My credit card was stolen and I need a replacement.,card_lost_stolen
"Someone took my card, urgent block request.",card_lost_stolen
"Someone took my card, urgent block request.",card_lost_stolen
"Someone took my card, urgent block request.",card_lost_stolen
"I lost my debit card yesterday, please block it.",card_lost_stolen
My credit card was stolen and I need a replacement.,card_lost_stolen
"Someone took my card, urgent block request.",card_lost_stolen
"I lost my debit card yesterday, please block it.",card_lost_stolen
"Someone took my card, urgent block request.",card_lost_stolen
"I lost my debit card yesterday, please block it.",card_lost_stolen
"Someone took my card, urgent block request.",card_lost_stolen
My credit card was stolen and I need a replacement.,card_lost_stolen
"Someone took my card, urgent block request.",card_lost_stolen
"Someone took my card, urgent block request.",card_lost_stolen
"I lost my debit card yesterday, please block it.",card_lost_stolen
My credit card was stolen and I need a replacement.,card_lost_stolen
"Someone took my card, urgent block request.",card_lost_stolen
"I lost my debit card yesterday, please block it.",card_lost_stolen
"Someone took my card, urgent block request.",card_lost_stolen
My credit card was stolen and I need a replacement.,card_lost_stolen
"Someone took my card, urgent block request.",card_lost_stolen
My credit card was stolen and I need a replacement.,card_lost_stolen
"I lost my debit card yesterday, please block it.",card_lost_stolen
"I lost my debit card yesterday, please block it.",card_lost_stolen
"I lost my debit card yesterday, please block it.",card_lost_stolen
"Someone took my card, urgent block request.",card_lost_stolen
"I lost my debit card yesterday, please block it.",card_lost_stolen
"Someone took my card, urgent block request.",card_lost_stolen
"Someone took my card, urgent block request.",card_lost_stolen
"I lost my debit card yesterday, please block it.",card_lost_stolen
"I lost my debit card yesterday, please block it.",card_lost_stolen
My credit card was stolen and I need a replacement.,card_lost_stolen
My credit card was stolen and I need a replacement.,card_lost_stolen
"Someone took my card, urgent block request.",card_lost_stolen
"I lost my debit card yesterday, please block it.",card_lost_stolen
My credit card was stolen and I need a replacement.,card_lost_stolen
My credit card was stolen and I need a replacement.,card_lost_stolen
"Someone took my card, urgent block request.",card_lost_stolen
"I lost my debit card yesterday, please block it.",card_lost_stolen
"I lost my debit card yesterday, please block it.",card_lost_stolen
"I lost my debit card yesterday, please block it.",card_lost_stolen
"Someone took my card, urgent block request.",card_lost_stolen
"I lost my debit card yesterday, please block it.",card_lost_stolen
"Someone took my card, urgent block request.",card_lost_stolen
"Someone took my card, urgent block request.",card_lost_stolen
My credit card was stolen and I need a replacement.,card_lost_stolen
My credit card was stolen and I need a replacement.,card_lost_stolen
"I lost my debit card yesterday, please block it.",card_lost_stolen
My credit card was stolen and I need a replacement.,card_lost_stolen
"Someone took my card, urgent block request.",card_lost_stolen
"I lost my debit card yesterday, please block it.",card_lost_stolen
"I lost my debit card yesterday, please block it.",card_lost_stolen
"I lost my debit card yesterday, please block it.",card_lost_stolen
"I lost my debit card yesterday, please block it.",card_lost_stolen
"Someone took my card, urgent block request.",card_lost_stolen
"I lost my debit card yesterday, please block it.",card_lost_stolen
"I lost my debit card yesterday, please block it.",card_lost_stolen
"I lost my debit card yesterday, please block it.",card_lost_stolen
"Someone took my card, urgent block request.",card_lost_stolen
"I lost my debit card yesterday, please block it.",card_lost_stolen
"I lost my debit card yesterday, please block it.",card_lost_stolen
"I lost my debit card yesterday, please block it.",card_lost_stolen
"Someone took my card, urgent block request.",card_lost_stolen
"Someone took my card, urgent block request.",card_lost_stolen
"I lost my debit card yesterday, please block it.",card_lost_stolen
"I lost my debit card yesterday, please block it.",card_lost_stolen
My credit card was stolen and I need a replacement.,card_lost_stolen
My credit card was stolen and I need a replacement.,card_lost_stolen
My credit card was stolen and I need a replacement.,card_lost_stolen
"Someone took my card, urgent block request.",card_lost_stolen
My credit card was stolen and I need a replacement.,card_lost_stolen
My credit card was stolen and I need a replacement.,card_lost_stolen
My credit card was stolen and I need a replacement.,card_lost_stolen
"Someone took my card, urgent block request.",card_lost_stolen
My credit card was stolen and I need a replacement.,card_lost_stolen
"I lost my debit card yesterday, please block it.",card_lost_stolen
"I lost my debit card yesterday, please block it.",card_lost_stolen
My credit card was stolen and I need a replacement.,card_lost_stolen
"I lost my debit card yesterday, please block it.",card_lost_stolen
"Someone took my card, urgent block request.",card_lost_stolen
"Someone took my card, urgent block request.",card_lost_stolen
"I lost my debit card yesterday, please block it.",card_lost_stolen
My credit card was stolen and I need a replacement.,card_lost_stolen
"I lost my debit card yesterday, please block it.",card_lost_stolen
"I lost my debit card yesterday, please block it.",card_lost_stolen
My credit card was stolen and I need a replacement.,card_lost_stolen
"Someone took my card, urgent block request.",card_lost_stolen
I want to dispute a transaction from Uber.,transaction_dispute
A payment I did not authorize appears on my card.,transaction_dispute
I want to dispute a transaction from Netflix.,transaction_dispute
There is an unknown charge on my account.,transaction_dispute
A payment I did not authorize appears on my card.,transaction_dispute
There is an unknown charge on my account.,transaction_dispute
I want to dispute a transaction from Uber.,transaction_dispute
I want to dispute a transaction from Amazon.,transaction_dispute
I want to dispute a transaction from Uber.,transaction_dispute
A payment I did not authorize appears on my card.,transaction_dispute
A payment I did not authorize appears on my card.,transaction_dispute
There is an unknown charge on my account.,transaction_dispute
There is an unknown charge on my account.,transaction_dispute
I want to dispute a transaction from Amazon.,transaction_dispute
I want to dispute a transaction from Netflix.,transaction_dispute
A payment I did not authorize appears on my card.,transaction_dispute
There is an unknown charge on my account.,transaction_dispute
I want to dispute a transaction from Uber.,transaction_dispute
A payment I did not authorize appears on my card.,transaction_dispute
A payment I did not authorize appears on my card.,transaction_dispute
I want to dispute a transaction from Netflix.,transaction_dispute
I want to dispute a transaction from Amazon.,transaction_dispute
I want to dispute a transaction from Amazon.,transaction_dispute
I want to dispute a transaction from Netflix.,transaction_dispute
A payment I did not authorize appears on my card.,transaction_dispute
There is an unknown charge on my account.,transaction_dispute
I want to dispute a transaction from Uber.,transaction_dispute
There is an unknown charge on my account.,transaction_dispute
I want to dispute a transaction from Uber.,transaction_dispute
I want to dispute a transaction from Amazon.,transaction_dispute
There is an unknown charge on my account.,transaction_dispute
There is an unknown charge on my account.,transaction_dispute
A payment I did not authorize appears on my card.,transaction_dispute
There is an unknown charge on my account.,transaction_dispute
There is an unknown charge on my account.,transaction_dispute
A payment I did not authorize appears on my card.,transaction_dispute
A payment I did not authorize appears on my card.,transaction_dispute
I want to dispute a transaction from Amazon.,transaction_dispute
There is an unknown charge on my account.,transaction_dispute
There is an unknown charge on my account.,transaction_dispute
There is an unknown charge on my account.,transaction_dispute
I want to dispute a transaction from Uber.,transaction_dispute
There is an unknown charge on my account.,transaction_dispute
I want to dispute a transaction from Amazon.,transaction_dispute
A payment I did not authorize appears on my card.,transaction_dispute
I want to dispute a transaction from Uber.,transaction_dispute
There is an unknown charge on my account.,transaction_dispute
I want to dispute a transaction from Uber.,transaction_dispute
I want to dispute a transaction from Amazon.,transaction_dispute
I want to dispute a transaction from Netflix.,transaction_dispute
I want to dispute a transaction from Uber.,transaction_dispute
A payment I did not authorize appears on my card.,transaction_dispute
There is an unknown charge on my account.,transaction_dispute
There is an unknown charge on my account.,transaction_dispute
I want to dispute a transaction from Amazon.,transaction_dispute
A payment I did not authorize appears on my card.,transaction_dispute
A payment I did not authorize appears on my card.,transaction_dispute
There is an unknown charge on my account.,transaction_dispute
A payment I did not authorize appears on my card.,transaction_dispute
There is an unknown charge on my account.,transaction_dispute
There is an unknown charge on my account.,transaction_dispute
I want to dispute a transaction from Netflix.,transaction_dispute
There is an unknown charge on my account.,transaction_dispute
A payment I did not authorize appears on my card.,transaction_dispute
I want to dispute a transaction from Amazon.,transaction_dispute
A payment I did not authorize appears on my card.,transaction_dispute
A payment I did not authorize appears on my card.,transaction_dispute
There is an unknown charge on my account.,transaction_dispute
There is an unknown charge on my account.,transaction_dispute
I want to dispute a transaction from Uber.,transaction_dispute
I want to dispute a transaction from Uber.,transaction_dispute
A payment I did not authorize appears on my card.,transaction_dispute
A payment I did not authorize appears on my card.,transaction_dispute
There is an unknown charge on my account.,transaction_dispute
There is an unknown charge on my account.,transaction_dispute
There is an unknown charge on my account.,transaction_dispute
There is an unknown charge on my account.,transaction_dispute
There is an unknown charge on my account.,transaction_dispute
There is an unknown charge on my account.,transaction_dispute
A payment I did not authorize appears on my card.,transaction_dispute
A payment I did not authorize appears on my card.,transaction_dispute
There is an unknown charge on my account.,transaction_dispute
A payment I did not authorize appears on my card.,transaction_dispute
There is an unknown charge on my account.,transaction_dispute
A payment I did not authorize appears on my card.,transaction_dispute
A payment I did not authorize appears on my card.,transaction_dispute
A payment I did not authorize appears on my card.,transaction_dispute
I want to dispute a transaction from Amazon.,transaction_dispute
There is an unknown charge on my account.,transaction_dispute
There is an unknown charge on my account.,transaction_dispute
There is an unknown charge on my account.,transaction_dispute
A payment I did not authorize appears on my card.,transaction_dispute
There is an unknown charge on my account.,transaction_dispute
A payment I did not authorize appears on my card.,transaction_dispute
A payment I did not authorize appears on my card.,transaction_dispute
A payment I did not authorize appears on my card.,transaction_dispute
I want to dispute a transaction from Netflix.,transaction_dispute
There is an unknown charge on my account.,transaction_dispute
A payment I did not authorize appears on my card.,transaction_dispute
A payment I did not authorize appears on my card.,transaction_dispute
There is an unknown charge on my account.,transaction_dispute
There is an unknown charge on my account.,transaction_dispute
There is an unknown charge on my account.,transaction_dispute
I want to dispute a transaction from Uber.,transaction_dispute
A payment I did not authorize appears on my card.,transaction_dispute
A payment I did not authorize appears on my card.,transaction_dispute
There is an unknown charge on my account.,transaction_dispute
A payment I did not authorize appears on my card.,transaction_dispute
A payment I did not authorize appears on my card.,transaction_dispute
I want to dispute a transaction from Netflix.,transaction_dispute
There is an unknown charge on my account.,transaction_dispute
I want to dispute a transaction from Amazon.,transaction_dispute
There is an unknown charge on my account.,transaction_dispute
A payment I did not authorize appears on my card.,transaction_dispute
There is an unknown charge on my account.,transaction_dispute
There is an unknown charge on my account.,transaction_dispute
A payment I did not authorize appears on my card.,transaction_dispute
I want to dispute a transaction from Amazon.,transaction_dispute
There is an unknown charge on my account.,transaction_dispute
I want to dispute a transaction from Netflix.,transaction_dispute
There is an unknown charge on my account.,transaction_dispute
I want to dispute a transaction from Amazon.,transaction_dispute
A payment I did not authorize appears on my card.,transaction_dispute
There is an unknown charge on my account.,transaction_dispute
I want to dispute a transaction from Netflix.,transaction_dispute
A payment I did not authorize appears on my card.,transaction_dispute
I want to dispute a transaction from Netflix.,transaction_dispute
A payment I did not authorize appears on my card.,transaction_dispute
I want to dispute a transaction from Netflix.,transaction_dispute
A payment I did not authorize appears on my card.,transaction_dispute
A payment I did not authorize appears on my card.,transaction_dispute
There is an unknown charge on my account.,transaction_dispute
I want to dispute a transaction from Uber.,transaction_dispute
There is an unknown charge on my account.,transaction_dispute
There is an unknown charge on my account.,transaction_dispute
There is an unknown charge on my account.,transaction_dispute
There is an unknown charge on my account.,transaction_dispute
There is an unknown charge on my account.,transaction_dispute
There is an unknown charge on my account.,transaction_dispute
There is an unknown charge on my account.,transaction_dispute
There is an unknown charge on my account.,transaction_dispute
I want to dispute a transaction from Amazon.,transaction_dispute
There is an unknown charge on my account.,transaction_dispute
A payment I did not authorize appears on my card.,transaction_dispute
I want to dispute a transaction from Amazon.,transaction_dispute
A payment I did not authorize appears on my card.,transaction_dispute
A payment I did not authorize appears on my card.,transaction_dispute
There is an unknown charge on my account.,transaction_dispute
A payment I did not authorize appears on my card.,transaction_dispute
There is an unknown charge on my account.,transaction_dispute
A payment I did not authorize appears on my card.,transaction_dispute
There is an unknown charge on my account.,transaction_dispute
I want to dispute a transaction from Uber.,transaction_dispute
A payment I did not authorize appears on my card.,transaction_dispute
There is an unknown charge on my account.,transaction_dispute
I want to dispute a transaction from Uber.,transaction_dispute
There is an unknown charge on my account.,transaction_dispute
I want to dispute a transaction from Uber.,transaction_dispute
I want to dispute a transaction from Amazon.,transaction_dispute
There is an unknown charge on my account.,transaction_dispute
I want to dispute a transaction from Netflix.,transaction_dispute
There is an unknown charge on my account.,transaction_dispute
There is an unknown charge on my account.,transaction_dispute
There is an unknown charge on my account.,transaction_dispute
There is an unknown charge on my account.,transaction_dispute
A payment I did not authorize appears on my card.,transaction_dispute
I want to dispute a transaction from Uber.,transaction_dispute
A payment I did not authorize appears on my card.,transaction_dispute
A payment I did not authorize appears on my card.,transaction_dispute
I want to dispute a transaction from Uber.,transaction_dispute
I want to dispute a transaction from Uber.,transaction_dispute
A payment I did not authorize appears on my card.,transaction_dispute
There is an unknown charge on my account.,transaction_dispute
There is an unknown charge on my account.,transaction_dispute
There is an unknown charge on my account.,transaction_dispute
A payment I did not authorize appears on my card.,transaction_dispute
A payment I did not authorize appears on my card.,transaction_dispute
I want to dispute a transaction from Netflix.,transaction_dispute
There is an unknown charge on my account.,transaction_dispute
A payment I did not authorize appears on my card.,transaction_dispute
There is an unknown charge on my account.,transaction_dispute
There is an unknown charge on my account.,transaction_dispute
There is an unknown charge on my account.,transaction_dispute
A payment I did not authorize appears on my card.,transaction_dispute
There is an unknown charge on my account.,transaction_dispute
I want to dispute a transaction from Amazon.,transaction_dispute
There is an unknown charge on my account.,transaction_dispute
There is an unknown charge on my account.,transaction_dispute
A payment I did not authorize appears on my card.,transaction_dispute
A payment I did not authorize appears on my card.,transaction_dispute
There is an unknown charge on my account.,transaction_dispute
I want to dispute a transaction from Uber.,transaction_dispute
A payment I did not authorize appears on my card.,transaction_dispute
There is an unknown charge on my account.,transaction_dispute
There is an unknown charge on my account.,transaction_dispute
There is an unknown charge on my account.,transaction_dispute
There is an unknown charge on my account.,transaction_dispute
I want to dispute a transaction from Amazon.,transaction_dispute
There is an unknown charge on my account.,transaction_dispute
A payment I did not authorize appears on my card.,transaction_dispute
My app says incorrect password but it's right.,account_login_issue
My app says incorrect password but it's right.,account_login_issue
My app says incorrect password but it's right.,account_login_issue
Two-factor code is not working for my login.,account_login_issue
I can't log into my online banking.,account_login_issue
I can't log into my online banking.,account_login_issue
My app says incorrect password but it's right.,account_login_issue
I can't log into my online banking.,account_login_issue
Two-factor code is not working for my login.,account_login_issue
Two-factor code is not working for my login.,account_login_issue
I can't log into my online banking.,account_login_issue
My app says incorrect password but it's right.,account_login_issue
Two-factor code is not working for my login.,account_login_issue
Two-factor code is not working for my login.,account_login_issue
My app says incorrect password but it's right.,account_login_issue
My app says incorrect password but it's right.,account_login_issue
My app says incorrect password but it's right.,account_login_issue
Two-factor code is not working for my login.,account_login_issue
Two-factor code is not working for my login.,account_login_issue
My app says incorrect password but it's right.,account_login_issue
My app says incorrect password but it's right.,account_login_issue
Two-factor code is not working for my login.,account_login_issue
Two-factor code is not working for my login.,account_login_issue
Two-factor code is not working for my login.,account_login_issue
I can't log into my online banking.,account_login_issue
My app says incorrect password but it's right.,account_login_issue
My app says incorrect password but it's right.,account_login_issue
I can't log into my online banking.,account_login_issue
My app says incorrect password but it's right.,account_login_issue
My app says incorrect password but it's right.,account_login_issue
My app says incorrect password but it's right.,account_login_issue
Two-factor code is not working for my login.,account_login_issue
Two-factor code is not working for my login.,account_login_issue
I can't log into my online banking.,account_login_issue
Two-factor code is not working for my login.,account_login_issue
Two-factor code is not working for my login.,account_login_issue
I can't log into my online banking.,account_login_issue
Two-factor code is not working for my login.,account_login_issue
I can't log into my online banking.,account_login_issue
I can't log into my online banking.,account_login_issue
Two-factor code is not working for my login.,account_login_issue
I can't log into my online banking.,account_login_issue
My app says incorrect password but it's right.,account_login_issue
I can't log into my online banking.,account_login_issue
I can't log into my online banking.,account_login_issue
I can't log into my online banking.,account_login_issue
I can't log into my online banking.,account_login_issue
My app says incorrect password but it's right.,account_login_issue
I can't log into my online banking.,account_login_issue
My app says incorrect password but it's right.,account_login_issue
Two-factor code is not working for my login.,account_login_issue
My app says incorrect password but it's right.,account_login_issue
Two-factor code is not working for my login.,account_login_issue
My app says incorrect password but it's right.,account_login_issue
My app says incorrect password but it's right.,account_login_issue
Two-factor code is not working for my login.,account_login_issue
I can't log into my online banking.,account_login_issue
I can't log into my online banking.,account_login_issue
Two-factor code is not working for my login.,account_login_issue
Two-factor code is not working for my login.,account_login_issue
Two-factor code is not working for my login.,account_login_issue
My app says incorrect password but it's right.,account_login_issue
Two-factor code is not working for my login.,account_login_issue
My app says incorrect password but it's right.,account_login_issue
My app says incorrect password but it's right.,account_login_issue
Two-factor code is not working for my login.,account_login_issue
Two-factor code is not working for my login.,account_login_issue
Two-factor code is not working for my login.,account_login_issue
My app says incorrect password but it's right.,account_login_issue
Two-factor code is not working for my login.,account_login_issue
My app says incorrect password but it's right.,account_login_issue
My app says incorrect password but it's right.,account_login_issue
Two-factor code is not working for my login.,account_login_issue
I can't log into my online banking.,account_login_issue
I can't log into my online banking.,account_login_issue
Two-factor code is not working for my login.,account_login_issue
I can't log into my online banking.,account_login_issue
My app says incorrect password but it's right.,account_login_issue
My app says incorrect password but it's right.,account_login_issue
I can't log into my online banking.,account_login_issue
I can't log into my online banking.,account_login_issue
Two-factor code is not working for my login.,account_login_issue
I can't log into my online banking.,account_login_issue
Two-factor code is not working for my login.,account_login_issue
My app says incorrect password but it's right.,account_login_issue
Two-factor code is not working for my login.,account_login_issue
Two-factor code is not working for my login.,account_login_issue
I can't log into my online banking.,account_login_issue
My app says incorrect password but it's right.,account_login_issue
My app says incorrect password but it's right.,account_login_issue
Two-factor code is not working for my login.,account_login_issue
My app says incorrect password but it's right.,account_login_issue
I can't log into my online banking.,account_login_issue
I can't log into my online banking.,account_login_issue
I can't log into my online banking.,account_login_issue
My app says incorrect password but it's right.,account_login_issue
My app says incorrect password but it's right.,account_login_issue
My app says incorrect password but it's right.,account_login_issue
My app says incorrect password but it's right.,account_login_issue
Two-factor code is not working for my login.,account_login_issue
Two-factor code is not working for my login.,account_login_issue
Two-factor code is not working for my login.,account_login_issue
I can't log into my online banking.,account_login_issue
My app says incorrect password but it's right.,account_login_issue
Two-factor code is not working for my login.,account_login_issue
My app says incorrect password but it's right.,account_login_issue
I can't log into my online banking.,account_login_issue
My app says incorrect password but it's right.,account_login_issue
My app says incorrect password but it's right.,account_login_issue
My app says incorrect password but it's right.,account_login_issue
Two-factor code is not working for my login.,account_login_issue
Two-factor code is not working for my login.,account_login_issue
I can't log into my online banking.,account_login_issue
My app says incorrect password but it's right.,account_login_issue
Two-factor code is not working for my login.,account_login_issue
I can't log into my online banking.,account_login_issue
I can't log into my online banking.,account_login_issue
My app says incorrect password but it's right.,account_login_issue
I can't log into my online banking.,account_login_issue
Two-factor code is not working for my login.,account_login_issue
I can't log into my online banking.,account_login_issue
Two-factor code is not working for my login.,account_login_issue
My app says incorrect password but it's right.,account_login_issue
My app says incorrect password but it's right.,account_login_issue
Two-factor code is not working for my login.,account_login_issue
My app says incorrect password but it's right.,account_login_issue
My app says incorrect password but it's right.,account_login_issue
Two-factor code is not working for my login.,account_login_issue
I can't log into my online banking.,account_login_issue
I can't log into my online banking.,account_login_issue
Two-factor code is not working for my login.,account_login_issue
Two-factor code is not working for my login.,account_login_issue
My app says incorrect password but it's right.,account_login_issue
I can't log into my online banking.,account_login_issue
My app says incorrect password but it's right.,account_login_issue
My app says incorrect password but it's right.,account_login_issue
Two-factor code is not working for my login.,account_login_issue
My app says incorrect password but it's right.,account_login_issue
Two-factor code is not working for my login.,account_login_issue
My app says incorrect password but it's right.,account_login_issue
Two-factor code is not working for my login.,account_login_issue
I can't log into my online banking.,account_login_issue
My app says incorrect password but it's right.,account_login_issue
I can't log into my online banking.,account_login_issue
I can't log into my online banking.,account_login_issue
Two-factor code is not working for my login.,account_login_issue
My app says incorrect password but it's right.,account_login_issue
I can't log into my online banking.,account_login_issue
My app says incorrect password but it's right.,account_login_issue
My app says incorrect password but it's right.,account_login_issue
My app says incorrect password but it's right.,account_login_issue
I can't log into my online banking.,account_login_issue
I can't log into my online banking.,account_login_issue
Two-factor code is not working for my login.,account_login_issue
I can't log into my online banking.,account_login_issue
I can't log into my online banking.,account_login_issue
Two-factor code is not working for my login.,account_login_issue
My app says incorrect password but it's right.,account_login_issue
I can't log into my online banking.,account_login_issue
Two-factor code is not working for my login.,account_login_issue
My app says incorrect password but it's right.,account_login_issue
Two-factor code is not working for my login.,account_login_issue
Two-factor code is not working for my login.,account_login_issue
Two-factor code is not working for my login.,account_login_issue
I can't log into my online banking.,account_login_issue
My app says incorrect password but it's right.,account_login_issue
Two-factor code is not working for my login.,account_login_issue
My app says incorrect password but it's right.,account_login_issue
I can't log into my online banking.,account_login_issue
I can't log into my online banking.,account_login_issue
Two-factor code is not working for my login.,account_login_issue
My app says incorrect password but it's right.,account_login_issue
My app says incorrect password but it's right.,account_login_issue
I can't log into my online banking.,account_login_issue
My app says incorrect password but it's right.,account_login_issue
My app says incorrect password but it's right.,account_login_issue
I can't log into my online banking.,account_login_issue
Two-factor code is not working for my login.,account_login_issue
Two-factor code is not working for my login.,account_login_issue
I can't log into my online banking.,account_login_issue
Two-factor code is not working for my login.,account_login_issue
My app says incorrect password but it's right.,account_login_issue
Two-factor code is not working for my login.,account_login_issue
Two-factor code is not working for my login.,account_login_issue
Two-factor code is not working for my login.,account_login_issue
I can't log into my online banking.,account_login_issue
My app says incorrect password but it's right.,account_login_issue
My app says incorrect password but it's right.,account_login_issue
Two-factor code is not working for my login.,account_login_issue
My app says incorrect password but it's right.,account_login_issue
Two-factor code is not working for my login.,account_login_issue
I can't log into my online banking.,account_login_issue
My app says incorrect password but it's right.,account_login_issue
I can't log into my online banking.,account_login_issue
Two-factor code is not working for my login.,account_login_issue
I can't log into my online banking.,account_login_issue
My app says incorrect password but it's right.,account_login_issue
Two-factor code is not working for my login.,account_login_issue
I can't log into my online banking.,account_login_issue
Two-factor code is not working for my login.,account_login_issue
How can I apply for a home loan?,loan_inquiry
How can I apply for a home loan?,loan_inquiry
What documents are required for car loan approval?,loan_inquiry
How can I apply for a home loan?,loan_inquiry
I want to know the interest rate for personal loans.,loan_inquiry
How can I apply for a home loan?,loan_inquiry
What documents are required for car loan approval?,loan_inquiry
I want to know the interest rate for personal loans.,loan_inquiry
How can I apply for a home loan?,loan_inquiry
What documents are required for car loan approval?,loan_inquiry
I want to know the interest rate for personal loans.,loan_inquiry
I want to know the interest rate for personal loans.,loan_inquiry
I want to know the interest rate for personal loans.,loan_inquiry
I want to know the interest rate for personal loans.,loan_inquiry
How can I apply for a home loan?,loan_inquiry
What documents are required for car loan approval?,loan_inquiry
I want to know the interest rate for personal loans.,loan_inquiry
What documents are required for car loan approval?,loan_inquiry
How can I apply for a home loan?,loan_inquiry
How can I apply for a home loan?,loan_inquiry
How can I apply for a home loan?,loan_inquiry
I want to know the interest rate for personal loans.,loan_inquiry
What documents are required for car loan approval?,loan_inquiry
What documents are required for car loan approval?,loan_inquiry
I want to know the interest rate for personal loans.,loan_inquiry
How can I apply for a home loan?,loan_inquiry
I want to know the interest rate for personal loans.,loan_inquiry
I want to know the interest rate for personal loans.,loan_inquiry
What documents are required for car loan approval?,loan_inquiry
How can I apply for a home loan?,loan_inquiry
I want to know the interest rate for personal loans.,loan_inquiry
What documents are required for car loan approval?,loan_inquiry
I want to know the interest rate for personal loans.,loan_inquiry
How can I apply for a home loan?,loan_inquiry
What documents are required for car loan approval?,loan_inquiry
I want to know the interest rate for personal loans.,loan_inquiry
I want to know the interest rate for personal loans.,loan_inquiry
How can I apply for a home loan?,loan_inquiry
What documents are required for car loan approval?,loan_inquiry
What documents are required for car loan approval?,loan_inquiry
How can I apply for a home loan?,loan_inquiry
I want to know the interest rate for personal loans.,loan_inquiry
I want to know the interest rate for personal loans.,loan_inquiry
What documents are required for car loan approval?,loan_inquiry
I want to know the interest rate for personal loans.,loan_inquiry
What documents are required for car loan approval?,loan_inquiry
How can I apply for a home loan?,loan_inquiry
How can I apply for a home loan?,loan_inquiry
How can I apply for a home loan?,loan_inquiry
How can I apply for a home loan?,loan_inquiry
What documents are required for car loan approval?,loan_inquiry
I want to know the interest rate for personal loans.,loan_inquiry
What documents are required for car loan approval?,loan_inquiry
How can I apply for a home loan?,loan_inquiry
What documents are required for car loan approval?,loan_inquiry
How can I apply for a home loan?,loan_inquiry
What documents are required for car loan approval?,loan_inquiry
How can I apply for a home loan?,loan_inquiry
I want to know the interest rate for personal loans.,loan_inquiry
I want to know the interest rate for personal loans.,loan_inquiry
What documents are required for car loan approval?,loan_inquiry
What documents are required for car loan approval?,loan_inquiry
I want to know the interest rate for personal loans.,loan_inquiry
I want to know the interest rate for personal loans.,loan_inquiry
I want to know the interest rate for personal loans.,loan_inquiry
What documents are required for car loan approval?,loan_inquiry
What documents are required for car loan approval?,loan_inquiry
What documents are required for car loan approval?,loan_inquiry
How can I apply for a home loan?,loan_inquiry
I want to know the interest rate for personal loans.,loan_inquiry
I want to know the interest rate for personal loans.,loan_inquiry
What documents are required for car loan approval?,loan_inquiry
How can I apply for a home loan?,loan_inquiry
How can I apply for a home loan?,loan_inquiry
I want to know the interest rate for personal loans.,loan_inquiry
I want to know the interest rate for personal loans.,loan_inquiry
I want to know the interest rate for personal loans.,loan_inquiry
I want to know the interest rate for personal loans.,loan_inquiry
How can I apply for a home loan?,loan_inquiry
What documents are required for car loan approval?,loan_inquiry
What documents are required for car loan approval?,loan_inquiry
What documents are required for car loan approval?,loan_inquiry
What documents are required for car loan approval?,loan_inquiry
What documents are required for car loan approval?,loan_inquiry
I want to know the interest rate for personal loans.,loan_inquiry
How can I apply for a home loan?,loan_inquiry
How can I apply for a home loan?,loan_inquiry
What documents are required for car loan approval?,loan_inquiry
How can I apply for a home loan?,loan_inquiry
How can I apply for a home loan?,loan_inquiry
What documents are required for car loan approval?,loan_inquiry
What documents are required for car loan approval?,loan_inquiry
How can I apply for a home loan?,loan_inquiry
I want to know the interest rate for personal loans.,loan_inquiry
I want to know the interest rate for personal loans.,loan_inquiry
I want to know the interest rate for personal loans.,loan_inquiry
What documents are required for car loan approval?,loan_inquiry
How can I apply for a home loan?,loan_inquiry
What documents are required for car loan approval?,loan_inquiry
How can I apply for a home loan?,loan_inquiry
I want to know the interest rate for personal loans.,loan_inquiry
How can I apply for a home loan?,loan_inquiry
I want to know the interest rate for personal loans.,loan_inquiry
How can I apply for a home loan?,loan_inquiry
I want to know the interest rate for personal loans.,loan_inquiry
I want to know the interest rate for personal loans.,loan_inquiry
How can I apply for a home loan?,loan_inquiry
I want to know the interest rate for personal loans.,loan_inquiry
How can I apply for a home loan?,loan_inquiry
What documents are required for car loan approval?,loan_inquiry
How can I apply for a home loan?,loan_inquiry
I want to know the interest rate for personal loans.,loan_inquiry
I want to know the interest rate for personal loans.,loan_inquiry
How can I apply for a home loan?,loan_inquiry
How can I apply for a home loan?,loan_inquiry
I want to know the interest rate for personal loans.,loan_inquiry
What documents are required for car loan approval?,loan_inquiry
I want to know the interest rate for personal loans.,loan_inquiry
How can I apply for a home loan?,loan_inquiry
How can I apply for a home loan?,loan_inquiry
How can I apply for a home loan?,loan_inquiry
How can I apply for a home loan?,loan_inquiry
I want to know the interest rate for personal loans.,loan_inquiry
I want to know the interest rate for personal loans.,loan_inquiry
How can I apply for a home loan?,loan_inquiry
I want to know the interest rate for personal loans.,loan_inquiry
What documents are required for car loan approval?,loan_inquiry
What documents are required for car loan approval?,loan_inquiry
What documents are required for car loan approval?,loan_inquiry
How can I apply for a home loan?,loan_inquiry
What documents are required for car loan approval?,loan_inquiry
How can I apply for a home loan?,loan_inquiry
I want to know the interest rate for personal loans.,loan_inquiry
What documents are required for car loan approval?,loan_inquiry
What documents are required for car loan approval?,loan_inquiry
I want to know the interest rate for personal loans.,loan_inquiry
What documents are required for car loan approval?,loan_inquiry
What documents are required for car loan approval?,loan_inquiry
I want to know the interest rate for personal loans.,loan_inquiry
How can I apply for a home loan?,loan_inquiry
I want to know the interest rate for personal loans.,loan_inquiry
I want to know the interest rate for personal loans.,loan_inquiry
I want to know the interest rate for personal loans.,loan_inquiry
What documents are required for car loan approval?,loan_inquiry
I want to know the interest rate for personal loans.,loan_inquiry
What documents are required for car loan approval?,loan_inquiry
How can I apply for a home loan?,loan_inquiry
What documents are required for car loan approval?,loan_inquiry
How can I apply for a home loan?,loan_inquiry
What documents are required for car loan approval?,loan_inquiry
What documents are required for car loan approval?,loan_inquiry
I want to know the interest rate for personal loans.,loan_inquiry
I want to know the interest rate for personal loans.,loan_inquiry
I want to know the interest rate for personal loans.,loan_inquiry
I want to know the interest rate for personal loans.,loan_inquiry
How can I apply for a home loan?,loan_inquiry
What documents are required for car loan approval?,loan_inquiry
I want to know the interest rate for personal loans.,loan_inquiry
I want to know the interest rate for personal loans.,loan_inquiry
How can I apply for a home loan?,loan_inquiry
How can I apply for a home loan?,loan_inquiry
What documents are required for car loan approval?,loan_inquiry
How can I apply for a home loan?,loan_inquiry
I want to know the interest rate for personal loans.,loan_inquiry
What documents are required for car loan approval?,loan_inquiry
What documents are required for car loan approval?,loan_inquiry
What documents are required for car loan approval?,loan_inquiry
I want to know the interest rate for personal loans.,loan_inquiry
How can I apply for a home loan?,loan_inquiry
How can I apply for a home loan?,loan_inquiry
I want to know the interest rate for personal loans.,loan_inquiry
I want to know the interest rate for personal loans.,loan_inquiry
How can I apply for a home loan?,loan_inquiry
What documents are required for car loan approval?,loan_inquiry
How can I apply for a home loan?,loan_inquiry
How can I apply for a home loan?,loan_inquiry
What documents are required for car loan approval?,loan_inquiry
What documents are required for car loan approval?,loan_inquiry
What documents are required for car loan approval?,loan_inquiry
How can I apply for a home loan?,loan_inquiry
What documents are required for car loan approval?,loan_inquiry
How can I apply for a home loan?,loan_inquiry
I want to know the interest rate for personal loans.,loan_inquiry
How can I apply for a home loan?,loan_inquiry
What documents are required for car loan approval?,loan_inquiry
What documents are required for car loan approval?,loan_inquiry
I want to know the interest rate for personal loans.,loan_inquiry
I want to know the interest rate for personal loans.,loan_inquiry
How can I apply for a home loan?,loan_inquiry
I want to know the interest rate for personal loans.,loan_inquiry
How can I apply for a home loan?,loan_inquiry
What documents are required for car loan approval?,loan_inquiry
How can I apply for a home loan?,loan_inquiry
How can I apply for a home loan?,loan_inquiry
What documents are required for car loan approval?,loan_inquiry
I want to know the interest rate for personal loans.,loan_inquiry
What documents are required for car loan approval?,loan_inquiry
What documents are required for car loan approval?,loan_inquiry
I want to know the interest rate for personal loans.,loan_inquiry
I want to know the interest rate for personal loans.,loan_inquiry
How do I change my phone number on file?,account_update
I need to update my address.,account_update
I need to update my address.,account_update
How do I change my phone number on file?,account_update
Please help me update my email for notifications.,account_update
I need to update my address.,account_update
How do I change my phone number on file?,account_update
Please help me update my email for notifications.,account_update
How do I change my phone number on file?,account_update
How do I change my phone number on file?,account_update
How do I change my phone number on file?,account_update
I need to update my address.,account_update
I need to update my address.,account_update
Please help me update my email for notifications.,account_update
Please help me update my email for notifications.,account_update
I need to update my address.,account_update
How do I change my phone number on file?,account_update
I need to update my address.,account_update
Please help me update my email for notifications.,account_update
Please help me update my email for notifications.,account_update
How do I change my phone number on file?,account_update
How do I change my phone number on file?,account_update
How do I change my phone number on file?,account_update
Please help me update my email for notifications.,account_update
I need to update my address.,account_update
How do I change my phone number on file?,account_update
Please help me update my email for notifications.,account_update
How do I change my phone number on file?,account_update
Please help me update my email for notifications.,account_update
I need to update my address.,account_update
I need to update my address.,account_update
How do I change my phone number on file?,account_update
How do I change my phone number on file?,account_update
I need to update my address.,account_update
Please help me update my email for notifications.,account_update
I need to update my address.,account_update
Please help me update my email for notifications.,account_update
I need to update my address.,account_update
Please help me update my email for notifications.,account_update
Please help me update my email for notifications.,account_update
How do I change my phone number on file?,account_update
I need to update my address.,account_update
Please help me update my email for notifications.,account_update
I need to update my address.,account_update
Please help me update my email for notifications.,account_update
I need to update my address.,account_update
I need to update my address.,account_update
Please help me update my email for notifications.,account_update
Please help me update my email for notifications.,account_update
I need to update my address.,account_update
Please help me update my email for notifications.,account_update
How do I change my phone number on file?,account_update
I need to update my address.,account_update
I need to update my address.,account_update
Please help me update my email for notifications.,account_update
How do I change my phone number on file?,account_update
How do I change my phone number on file?,account_update
I need to update my address.,account_update
How do I change my phone number on file?,account_update
I need to update my address.,account_update
I need to update my address.,account_update
I need to update my address.,account_update
I need to update my address.,account_update
I need to update my address.,account_update
How do I change my phone number on file?,account_update
How do I change my phone number on file?,account_update
I need to update my address.,account_update
I need to update my address.,account_update
Please help me update my email for notifications.,account_update
Please help me update my email for notifications.,account_update
I need to update my address.,account_update
Please help me update my email for notifications.,account_update
I need to update my address.,account_update
How do I change my phone number on file?,account_update
Please help me update my email for notifications.,account_update
Please help me update my email for notifications.,account_update
Please help me update my email for notifications.,account_update
How do I change my phone number on file?,account_update
Please help me update my email for notifications.,account_update
Please help me update my email for notifications.,account_update
How do I change my phone number on file?,account_update
I need to update my address.,account_update
Please help me update my email for notifications.,account_update
How do I change my phone number on file?,account_update
How do I change my phone number on file?,account_update
I need to update my address.,account_update
How do I change my phone number on file?,account_update
How do I change my phone number on file?,account_update
I need to update my address.,account_update
I need to update my address.,account_update
How do I change my phone number on file?,account_update
Please help me update my email for notifications.,account_update
Please help me update my email for notifications.,account_update
Please help me update my email for notifications.,account_update
I need to update my address.,account_update
Please help me update my email for notifications.,account_update
How do I change my phone number on file?,account_update
I need to update my address.,account_update
How do I change my phone number on file?,account_update
I need to update my address.,account_update
I need to update my address.,account_update
How do I change my phone number on file?,account_update
How do I change my phone number on file?,account_update
Please help me update my email for notifications.,account_update
How do I change my phone number on file?,account_update
Please help me update my email for notifications.,account_update
Please help me update my email for notifications.,account_update
I need to update my address.,account_update
I need to update my address.,account_update
I need to update my address.,account_update
Please help me update my email for notifications.,account_update
Please help me update my email for notifications.,account_update
How do I change my phone number on file?,account_update
How do I change my phone number on file?,account_update
How do I change my phone number on file?,account_update
I need to update my address.,account_update
Please help me update my email for notifications.,account_update
I need to update my address.,account_update
Please help me update my email for notifications.,account_update
I need to update my address.,account_update
Please help me update my email for notifications.,account_update
Please help me update my email for notifications.,account_update
How do I change my phone number on file?,account_update
Please help me update my email for notifications.,account_update
I need to update my address.,account_update
I need to update my address.,account_update
Please help me update my email for notifications.,account_update
Please help me update my email for notifications.,account_update
Please help me update my email for notifications.,account_update
I need to update my address.,account_update
Please help me update my email for notifications.,account_update
How do I change my phone number on file?,account_update
Please help me update my email for notifications.,account_update
I need to update my address.,account_update
I need to update my address.,account_update
How do I change my phone number on file?,account_update
Please help me update my email for notifications.,account_update
I need to update my address.,account_update
I need to update my address.,account_update
Please help me update my email for notifications.,account_update
How do I change my phone number on file?,account_update
Please help me update my email for notifications.,account_update
I need to update my address.,account_update
How do I change my phone number on file?,account_update
How do I change my phone number on file?,account_update
I need to update my address.,account_update
How do I change my phone number on file?,account_update
I need to update my address.,account_update
I need to update my address.,account_update
I need to update my address.,account_update
How do I change my phone number on file?,account_update
I need to update my address.,account_update
How do I change my phone number on file?,account_update
I need to update my address.,account_update
I need to update my address.,account_update
How do I change my phone number on file?,account_update
How do I change my phone number on file?,account_update
Please help me update my email for notifications.,account_update
Please help me update my email for notifications.,account_update
I need to update my address.,account_update
How do I change my phone number on file?,account_update
Please help me update my email for notifications.,account_update
Please help me update my email for notifications.,account_update
I need to update my address.,account_update
How do I change my phone number on file?,account_update
How do I change my phone number on file?,account_update
I need to update my address.,account_update
How do I change my phone number on file?,account_update
How do I change my phone number on file?,account_update
I need to update my address.,account_update
I need to update my address.,account_update
I need to update my address.,account_update
How do I change my phone number on file?,account_update
Please help me update my email for notifications.,account_update
How do I change my phone number on file?,account_update
How do I change my phone number on file?,account_update
How do I change my phone number on file?,account_update
Please help me update my email for notifications.,account_update
How do I change my phone number on file?,account_update
I need to update my address.,account_update
I need to update my address.,account_update
Please help me update my email for notifications.,account_update
I need to update my address.,account_update
I need to update my address.,account_update
Please help me update my email for notifications.,account_update
How do I change my phone number on file?,account_update
How do I change my phone number on file?,account_update
Please help me update my email for notifications.,account_update
Please help me update my email for notifications.,account_update
Please help me update my email for notifications.,account_update
How do I change my phone number on file?,account_update
How do I change my phone number on file?,account_update
Please help me update my email for notifications.,account_update
I need to update my address.,account_update
How do I change my phone number on file?,account_update
How do I change my phone number on file?,account_update
Please help me update my email for notifications.,account_update
I need to update my address.,account_update
Please help me update my email for notifications.,account_update
Please help me update my email for notifications.,account_update
Do you offer student accounts?,general_info
What are your branch operating hours?,general_info
What are your branch operating hours?,general_info
Is there a fee for international transfers?,general_info
Do you offer student accounts?,general_info
Is there a fee for international transfers?,general_info
What are your branch operating hours?,general_info
Is there a fee for international transfers?,general_info
Do you offer student accounts?,general_info
Is there a fee for international transfers?,general_info
What are your branch operating hours?,general_info
Is there a fee for international transfers?,general_info
What are your branch operating hours?,general_info
What are your branch operating hours?,general_info
What are your branch operating hours?,general_info
Do you offer student accounts?,general_info
What are your branch operating hours?,general_info
Do you offer student accounts?,general_info
Is there a fee for international transfers?,general_info
Do you offer student accounts?,general_info
Do you offer student accounts?,general_info
Is there a fee for international transfers?,general_info
Do you offer student accounts?,general_info
Do you offer student accounts?,general_info
Is there a fee for international transfers?,general_info
Do you offer student accounts?,general_info
Is there a fee for international transfers?,general_info
Do you offer student accounts?,general_info
Is there a fee for international transfers?,general_info
Is there a fee for international transfers?,general_info
Do you offer student accounts?,general_info
Do you offer student accounts?,general_info
Do you offer student accounts?,general_info
Is there a fee for international transfers?,general_info
What are your branch operating hours?,general_info
What are your branch operating hours?,general_info
Do you offer student accounts?,general_info
What are your branch operating hours?,general_info
Do you offer student accounts?,general_info
What are your branch operating hours?,general_info
Is there a fee for international transfers?,general_info
What are your branch operating hours?,general_info
What are your branch operating hours?,general_info
Do you offer student accounts?,general_info
What are your branch operating hours?,general_info
Is there a fee for international transfers?,general_info
What are your branch operating hours?,general_info
Is there a fee for international transfers?,general_info
Is there a fee for international transfers?,general_info
Is there a fee for international transfers?,general_info
Do you offer student accounts?,general_info
What are your branch operating hours?,general_info
Do you offer student accounts?,general_info
What are your branch operating hours?,general_info
Is there a fee for international transfers?,general_info
What are your branch operating hours?,general_info
What are your branch operating hours?,general_info
What are your branch operating hours?,general_info
What are your branch operating hours?,general_info
What are your branch operating hours?,general_info
Is there a fee for international transfers?,general_info
Do you offer student accounts?,general_info
What are your branch operating hours?,general_info
Do you offer student accounts?,general_info
What are your branch operating hours?,general_info
What are your branch operating hours?,general_info
What are your branch operating hours?,general_info
Is there a fee for international transfers?,general_info
Do you offer student accounts?,general_info
What are your branch operating hours?,general_info
What are your branch operating hours?,general_info
What are your branch operating hours?,general_info
Do you offer student accounts?,general_info
What are your branch operating hours?,general_info
Is there a fee for international transfers?,general_info
Do you offer student accounts?,general_info
What are your branch operating hours?,general_info
What are your branch operating hours?,general_info
Is there a fee for international transfers?,general_info
Is there a fee for international transfers?,general_info
Do you offer student accounts?,general_info
Do you offer student accounts?,general_info
Do you offer student accounts?,general_info
Do you offer student accounts?,general_info
Is there a fee for international transfers?,general_info
What are your branch operating hours?,general_info
Is there a fee for international transfers?,general_info
Do you offer student accounts?,general_info
Is there a fee for international transfers?,general_info
Is there a fee for international transfers?,general_info
What are your branch operating hours?,general_info
Is there a fee for international transfers?,general_info
Is there a fee for international transfers?,general_info
Do you offer student accounts?,general_info
Do you offer student accounts?,general_info
Do you offer student accounts?,general_info
What are your branch operating hours?,general_info
What are your branch operating hours?,general_info
What are your branch operating hours?,general_info
Is there a fee for international transfers?,general_info
Do you offer student accounts?,general_info
What are your branch operating hours?,general_info
Do you offer student accounts?,general_info
Do you offer student accounts?,general_info
Do you offer student accounts?,general_info
What are your branch operating hours?,general_info
What are your branch operating hours?,general_info
What are your branch operating hours?,general_info
What are your branch operating hours?,general_info
Is there a fee for international transfers?,general_info
Is there a fee for international transfers?,general_info
What are your branch operating hours?,general_info
Do you offer student accounts?,general_info
Is there a fee for international transfers?,general_info
Do you offer student accounts?,general_info
What are your branch operating hours?,general_info
Is there a fee for international transfers?,general_info
What are your branch operating hours?,general_info
What are your branch operating hours?,general_info
Do you offer student accounts?,general_info
What are your branch operating hours?,general_info
Is there a fee for international transfers?,general_info
Do you offer student accounts?,general_info
Is there a fee for international transfers?,general_info
Is there a fee for international transfers?,general_info
What are your branch operating hours?,general_info
What are your branch operating hours?,general_info
Is there a fee for international transfers?,general_info
Do you offer student accounts?,general_info
Is there a fee for international transfers?,general_info
Do you offer student accounts?,general_info
Do you offer student accounts?,general_info
What are your branch operating hours?,general_info
What are your branch operating hours?,general_info
Do you offer student accounts?,general_info
What are your branch operating hours?,general_info
Do you offer student accounts?,general_info
What are your branch operating hours?,general_info
What are your branch operating hours?,general_info
Is there a fee for international transfers?,general_info
Is there a fee for international transfers?,general_info
Do you offer student accounts?,general_info
Is there a fee for international transfers?,general_info
What are your branch operating hours?,general_info
Is there a fee for international transfers?,general_info
Is there a fee for international transfers?,general_info
What are your branch operating hours?,general_info
What are your branch operating hours?,general_info
Is there a fee for international transfers?,general_info
What are your branch operating hours?,general_info
Do you offer student accounts?,general_info
Do you offer student accounts?,general_info
What are your branch operating hours?,general_info
Do you offer student accounts?,general_info
What are your branch operating hours?,general_info
Is there a fee for international transfers?,general_info
Do you offer student accounts?,general_info
Do you offer student accounts?,general_info
What are your branch operating hours?,general_info
What are your branch operating hours?,general_info
Is there a fee for international transfers?,general_info
Is there a fee for international transfers?,general_info
Is there a fee for international transfers?,general_info
Is there a fee for international transfers?,general_info
Is there a fee for international transfers?,general_info
Do you offer student accounts?,general_info
Do you offer student accounts?,general_info
Is there a fee for international transfers?,general_info
What are your branch operating hours?,general_info
Do you offer student accounts?,general_info
Is there a fee for international transfers?,general_info
Is there a fee for international transfers?,general_info
Do you offer student accounts?,general_info
Do you offer student accounts?,general_info
Do you offer student accounts?,general_info
Is there a fee for international transfers?,general_info
Do you offer student accounts?,general_info
What are your branch operating hours?,general_info
What are your branch operating hours?,general_info
Is there a fee for international transfers?,general_info
Do you offer student accounts?,general_info
Is there a fee for international transfers?,general_info
What are your branch operating hours?,general_info
Is there a fee for international transfers?,general_info
What are your branch operating hours?,general_info
Do you offer student accounts?,general_info
Is there a fee for international transfers?,general_info
Is there a fee for international transfers?,general_info
What are your branch operating hours?,general_info
What are your branch operating hours?,general_info
Do you offer student accounts?,general_info
Is there a fee for international transfers?,general_info
Is there a fee for international transfers?,general_info
Do you offer student accounts?,general_info
Do you offer student accounts?,general_info
What are your branch operating hours?,general_info
Do you offer student accounts?,general_info
Do you offer student accounts?,general_info
Is there a fee for international transfers?,general_info
Do you offer student accounts?,general_info
